{"cameraMode":{"drawMode":0,"name":"Shaded","section":"Shading Mode"},"sceneLighting":false,"audioPlay":false,"sceneViewState":{"showFog":true,"showMaterialUpdate":false,"showSkybox":false,"showFlares":true,"showImageEffects":true,"showParticleSystems":true},"in2DMode":false,"pivot":{"x":4.3611836433410648,"y":1.4236323833465577,"z":1.6118454933166505},"rotation":{"x":-0.10178876668214798,"y":-0.08130934089422226,"z":0.008395361714065075,"w":-0.9914800524711609},"size":5.606179714202881,"orthographic":false}