{"cameraMode":{"drawMode":0,"name":"Shaded","section":"Shading Mode"},"sceneLighting":false,"audioPlay":false,"sceneViewState":{"showFog":true,"showMaterialUpdate":false,"showSkybox":false,"showFlares":true,"showImageEffects":true,"showParticleSystems":true},"in2DMode":false,"pivot":{"x":5.446188926696777,"y":0.7750885486602783,"z":-1.5672777891159058},"rotation":{"x":0.0282217375934124,"y":0.8608024716377258,"z":-0.04811681807041168,"w":0.5059533715248108},"size":4.31824254989624,"orthographic":false}